number,quotation,speaker,part_of_play,citation
1,For I prophesy as the god leads.,The Pythian Priestess,Delphi: prologue and Orestes’ escape,line 30
2,"Horrors to tell, horrors for my eyes to see, have sent me back from the house of Loxias, so that I have no strength and I cannot walk upright.",The Pythian Priestess,Delphi: prologue and Orestes’ escape,lines 34–35
3,For I persuaded you to take your mother’s life.,Apollo,Delphi: prologue and Orestes’ escape,line 80
4,"Lord Apollo, you know how to do no wrong; and, since you know this, learn not to be neglectful also.",Orestes,Delphi: prologue and Orestes’ escape,line 85
5,"Orestes, the murderer of me, his mother, is gone!",Ghost of Clytaemestra,Delphi: Clytaemestra awakens the Furies,line 121
6,"In a dream you are hunting your prey, and are barking like a dog that never leaves off its keenness for the work.",Ghost of Clytaemestra,Delphi: Clytaemestra awakens the Furies,line 131
7,The beast has escaped from our nets and is gone.,Chorus of Furies,Delphi: Clytaemestra awakens the Furies,line 145
8,"Be gone, you goats without a herdsman! No god loves such a flock.",Apollo,Delphi: Apollo confronts the Furies,line 195
9,"Through your oracle, you directed the stranger to kill his mother.",Chorus of Furies,Delphi: Apollo confronts the Furies,line 202
10,Here I will keep watch and await the result of my trial.,Orestes,"Athens: pursuit, binding song, and Athena’s arrival",line 240
11,The smell of human blood gives me a smiling welcome.,Chorus of Furies,"Athens: pursuit, binding song, and Athena’s arrival",line 250
12,"This is our song over the sacrificial victim—frenzied, maddened, destroying the mind, the Furies’ hymn, a spell to bind the soul, not tuned to the lyre, withering the life of mortals.",Chorus of Furies,"Athens: pursuit, binding song, and Athena’s arrival",lines 328–330
13,We are the eternal children of Night. We are called Curses in our homes beneath the earth.,Chorus of Furies,"Athens: pursuit, binding song, and Athena’s arrival",line 415
14,"What do you want to say to this, stranger, in turn?",Athena,"Athens: pursuit, binding song, and Athena’s arrival",line 436
15,"Together with me Loxias is responsible for this deed, because he threatened me with pains, a goad for my heart, if I should fail to do this deed to those who were responsible.",Orestes,"Athens: pursuit, binding song, and Athena’s arrival",line 465
16,"The mother of what is called her child is not the parent, but the nurse of the newly-sown embryo.",Apollo,Areopagus: trial and verdict,line 657
17,"In the future, even as now, this court of judges will always exist for the people of Aegeus.",Athena,Areopagus: trial and verdict,line 681
18,"This man is acquitted on the charge of murder, for the numbers of the casts are equal.",Athena,Areopagus: trial and verdict,line 752
19,"For you have not been defeated; the trial resulted fairly in an equal vote, without disgrace to you; but clear testimony from Zeus was present, and he himself who spoke the oracle himself gave witness that Orestes should not suffer harm for his deed.",Athena,Athens: Orestes departs and Athena reconciles the Furies,line 795
20,Peace endures for all time between Pallas’ citizens and these new dwellers here.,Chorus of the Processional Escort,Athens: blessings and final procession,line 1044
